actor,movie_or_TV_name
Lilly Englert,A Tuscan Sunset
Lilly Englert,Little Women
Lilly Englert,HotSpot: A Guide to Finding Love
Lilly Englert,Ask for Jane
Lilly Englert,Quantico
Lilly Englert,The Wilde Wedding
Lilly Englert,Julie Taymor's A Midsummer Night's Dream
Lilly Englert,HotSpot: A Guide to Finding Love
Jonathan Acorn,Little Women
J.M. Davis,Little Women
Abby Quinn,Tattered Hearts
Abby Quinn,I'm Thinking of Ending Things
Abby Quinn,Shithouse
Abby Quinn,Woman Up
Abby Quinn,Mad About You
Abby Quinn,Little Women
Abby Quinn,After the Wedding
Abby Quinn,Better Call Saul
Abby Quinn,Good Girls Get High
Abby Quinn,Radium Girls
Abby Quinn,Black Mirror
Abby Quinn,Landline
Abby Quinn,The Journey Is the Destination
Abby Quinn,The Sisterhood of Night
Abby Quinn,Law & Order: Special Victims Unit
Abby Quinn,Good Girls Get High
Abby Quinn,After the Wedding
Abby Quinn,Landline
Abby Quinn,Made in Hollywood
Lewis D. Wheeler,A Cape Cod Christmas
Lewis D. Wheeler,Don't Look Up
Lewis D. Wheeler,Honest Thief
Lewis D. Wheeler,NOS4A2
Lewis D. Wheeler,Across the Pacific
Lewis D. Wheeler,Little Women
Lewis D. Wheeler,In Event of Moon Disaster
Lewis D. Wheeler,City on a Hill
Lewis D. Wheeler,Frontline
Lewis D. Wheeler,Wonderful Life
Lewis D. Wheeler,Live by Night
Lewis D. Wheeler,Manchester by the Sea
Lewis D. Wheeler,Black Mass
Lewis D. Wheeler,Gilded Lilys
Lewis D. Wheeler,Hatfields & McCoys
Lewis D. Wheeler,Nova
Lewis D. Wheeler,God in America
Lewis D. Wheeler,The Company Men
Lewis D. Wheeler,Interfaces
Lewis D. Wheeler,Sunrise
Lewis D. Wheeler,Don McKay
Lewis D. Wheeler,American Experience
Lewis D. Wheeler,For the Love of Movies: The Story of American Film Criticism
Lewis D. Wheeler,The Pink Panther 2
Lewis D. Wheeler,American Masters
Lewis D. Wheeler,Side by Each
Lewis D. Wheeler,Gone Baby Gone
Lewis D. Wheeler,Underdog
Lewis D. Wheeler,The War That Made America
Lewis D. Wheeler,Brotherhood
Lewis D. Wheeler,They Made America
Lewis D. Wheeler,Blind Alleys
Lewis D. Wheeler,Leading to War
Lewis D. Wheeler,Casting About
Lewis D. Wheeler,The Blue Diner
Lewis D. Wheeler,Bear Wars
Lewis D. Wheeler,Return of the Eagle
Lewis D. Wheeler,Next Stop Wonderland
Lewis D. Wheeler,A Guy Walks Into a Bar
Lewis D. Wheeler,Looking for Richard
Lewis D. Wheeler,Pat Metheny Group: More Travels
Lewis D. Wheeler,Frontline
Lewis D. Wheeler,Trespasses
Lewis D. Wheeler,A Guy Walks Into a Bar
Lewis D. Wheeler,My Body
Lewis D. Wheeler,Deliver Them from Evil: The Taking of Alta View
Lewis D. Wheeler,Against the Law
Lewis D. Wheeler,A Shock to the System
Lewis D. Wheeler,Getting Personal
Lewis D. Wheeler,Looking for Richard
Lewis D. Wheeler,The Blue Diner
Lewis D. Wheeler,The Game Plan
Lewis D. Wheeler,The Fog of War
Lewis D. Wheeler,Home Cookin: Over 100 Years in the Making
Jen Nikolaisen,Yes Day
Jen Nikolaisen,Irresistible
Jen Nikolaisen,12 Pups of Christmas
Jen Nikolaisen,Little Women
Jen Nikolaisen,22
Jen Nikolaisen,Mother Mother
Jen Nikolaisen,Lucky Dog
Jen Nikolaisen,Murder in the First
Jen Nikolaisen,Atlas Shrugged: Who Is John Galt?
Jen Nikolaisen,We Are Angels
Jen Nikolaisen,NCIS
Jen Nikolaisen,The Republic of Two
Jen Nikolaisen,Barrel 28
Jen Nikolaisen,Bad Nannies
Jen Nikolaisen,Wrong Cops
Jen Nikolaisen,Retribution
Jen Nikolaisen,Gabe the Cupid Dog
Jen Nikolaisen,Fetching
Jen Nikolaisen,Southland
Jen Nikolaisen,A Warrior's Journey
Jen Nikolaisen,Chubduction
Jen Nikolaisen,Delia
Jen Nikolaisen,We're Not Together
Jen Nikolaisen,Iris Expanding
Jen Nikolaisen,Represent
Jen Nikolaisen,The 6 Month Rule
Jen Nikolaisen,Bundy: A Legacy of Evil
Jen Nikolaisen,Love Royale
Jen Nikolaisen,Corpse Run
Jen Nikolaisen,Booth Girls
Jen Nikolaisen,A Four Cent Carol
Jen Nikolaisen,Boston Strangler: The Untold Story
Jen Nikolaisen,The Golden Egg
Jen Nikolaisen,Close to Home
Jen Nikolaisen,Little Black Dress (& Heels)
Jen Nikolaisen,Passions
Jen Nikolaisen,Mr. Tempest Is Here
Jen Nikolaisen,Thérèse: The Story of Saint Thérèse of Lisieux
Jen Nikolaisen,Afternoon Delight
Jen Nikolaisen,The Hillz
Jen Nikolaisen,Final Examination
Jen Nikolaisen,Dishwalla: Somewhere in the Middle
Jen Nikolaisen,Floater
Jen Nikolaisen,The F-List
Jen Nikolaisen,Delia
Jen Nikolaisen,Mr. Tempest Is Here
Jen Nikolaisen,Hate Me
Jen Nikolaisen,Be Nice Teaser
Jen Nikolaisen,Represent
Jen Nikolaisen,Yes Day
Jen Nikolaisen,The F-List
Jen Nikolaisen,The Bold and the Fuel Efficient
Tom Kemp,Simchas and Sorrows
Tom Kemp,Tigertail
Tom Kemp,Little Women
Tom Kemp,Castle Rock
Tom Kemp,Christmas a la Mode
Tom Kemp,Emergence
Tom Kemp,Sound of Metal
Tom Kemp,The Mission
Tom Kemp,Paterno
Tom Kemp,The Dunning Man
Tom Kemp,November Criminals
Tom Kemp,The Spruces and the Pines
Tom Kemp,Professor Marston & the Wonder Women
Tom Kemp,House of Cards
Tom Kemp,Crazy Famous
Tom Kemp,Crisis in Six Scenes
Tom Kemp,BrainDead
Tom Kemp,The Purge: Election Year
Tom Kemp,Café Society
Tom Kemp,A Quiet Passion
Tom Kemp,Billions
Tom Kemp,Manchester by the Sea
Tom Kemp,Demolition
Tom Kemp,Black Mass
Tom Kemp,The Strain
Tom Kemp,Irrational Man
Tom Kemp,The Blacklist
Tom Kemp,Madam Secretary
Tom Kemp,X/Y
Tom Kemp,The Following
Tom Kemp,Boardwalk Empire
Tom Kemp,Frank the Bastard
Tom Kemp,Blue Bloods
Tom Kemp,Sins of the Preacher
Tom Kemp,Blue Jasmine
Tom Kemp,Last Hours in Suburbia
Tom Kemp,Vivienne Again
Tom Kemp,Crooked Arrows
Tom Kemp,Sexting in Suburbia
Tom Kemp,Whaling City
Tom Kemp,All Good Things
Tom Kemp,Rubicon
Tom Kemp,Law & Order: Criminal Intent
Tom Kemp,You Don't Know Jack
Tom Kemp,Shutter Island
Tom Kemp,Edge of Darkness
Tom Kemp,The Company Men
Tom Kemp,Bunker Hill
Tom Kemp,Last of the Ninth
Tom Kemp,Stolen
Tom Kemp,NCIS
Tom Kemp,Ghosts of Girlfriends Past
Tom Kemp,Tell Tale
Tom Kemp,As the World Turns
Tom Kemp,Law & Order
Tom Kemp,Taking Chance
Tom Kemp,W.
Tom Kemp,My Best Friend's Girl
Tom Kemp,What Doesn't Kill You
Tom Kemp,Shuttle
Tom Kemp,Boston Legal
Tom Kemp,Brotherhood
Tom Kemp,Gone Baby Gone
Tom Kemp,Black Irish
Tom Kemp,Waterfront
Tom Kemp,Hard Luck
Tom Kemp,The Departed
Tom Kemp,The Legend of Lucy Keyes
Tom Kemp,The 12 Dogs of Christmas
Tom Kemp,Without a Trace
Tom Kemp,Miss Match
Tom Kemp,The Practice
Tom Kemp,Mystic River
Tom Kemp,Passionada
Tom Kemp,When Billie Beat Bobby
Tom Kemp,Private Lies
Tom Kemp,Family Law
Tom Kemp,NYPD Blue
Tom Kemp,Ally McBeal
Tom Kemp,Enough Already
Tom Kemp,The Proposition
Tom Kemp,Unsolved Mysteries
Tom Kemp,The Mouse
Tom Kemp,Malice
Tom Kemp,Primary Motive
Tom Kemp,Mermaids
Tom Kemp,The Kennedys of Massachusetts
Tom Kemp,A Case of Deadly Force
Tom Kemp,Parole
Tom Kemp,See How She Runs
Tom Kemp,American Experience
Tom Kemp,Taking on the Kennedys
Tom Kemp,All Good Things: Truth in Fiction
Lucy Austin,Down by the Water
Lucy Austin,Little Women
Bill Mootos,BENNY Go Home
Bill Mootos,Don't Look Up
Bill Mootos,Little Women
Bill Mootos,Castle Rock
Bill Mootos,Daddy's Home 2
Bill Mootos,Chappaquiddick
Bill Mootos,The Devil You Know
Bill Mootos,American Odyssey
Bill Mootos,Hatfields & McCoys
Bill Mootos,Siren
Bill Mootos,R.I.P.D.
Bill Mootos,Flesh Eaters
Bill Mootos,The Makeover
Bill Mootos,Frontline
Bill Mootos,The Restaurant
Bill Mootos,In the Family
Bill Mootos,Phishing
Bill Mootos,Water Cycle
Bill Mootos,Locked In
Bill Mootos,Amateur Suicide Hotline
Bill Mootos,The Company Men
Bill Mootos,Incident at Cu Chi
Bill Mootos,Waterfront
Bill Mootos,Hard Luck
Bill Mootos,They Made America
Bill Mootos,Easy Listening
Bill Mootos,What's the Worst That Could Happen?
Bill Mootos,Something Sweet
Bill Mootos,The Gores of Massachusetts
Bill Mootos,Amateur Suicide Hotline
Bill Mootos,Frontline
Bill Mootos,Frontline
Bill Mootos,American Prophet: The Story of Joseph Smith
Saoirse Ronan,Foe
Saoirse Ronan,Untitled Murder Mystery
Saoirse Ronan,The French Dispatch
Saoirse Ronan,Ammonite
Saoirse Ronan,Little Women
Saoirse Ronan,Mary Queen of Scots
Saoirse Ronan,The Seagull
Saoirse Ronan,Great Performers: Horror Show
Saoirse Ronan,On Chesil Beach
Saoirse Ronan,Lady Bird
Saoirse Ronan,Loving Vincent
Saoirse Ronan,Ed Sheeran: Galway Girl
Saoirse Ronan,Hozier: Cherry Wine
Saoirse Ronan,Weepah Way for Now
Saoirse Ronan,Brooklyn
Saoirse Ronan,"Stockholm, Pennsylvania"
Saoirse Ronan,Robot Chicken
Saoirse Ronan,Lost River
Saoirse Ronan,Muppets Most Wanted
Saoirse Ronan,The Grand Budapest Hotel
Saoirse Ronan,Justin and the Knights of Valour
Saoirse Ronan,How I Live Now
Saoirse Ronan,The Host
Saoirse Ronan,Byzantium
Saoirse Ronan,Violet & Daisy
Saoirse Ronan,Hanna
Saoirse Ronan,The Way Back
Saoirse Ronan,The Secret World of Arrietty
Saoirse Ronan,The Lovely Bones
Saoirse Ronan,Saturday Night Live
Saoirse Ronan,City of Ember
Saoirse Ronan,Death Defying Acts
Saoirse Ronan,Atonement
Saoirse Ronan,The Christmas Miracle of Jonathan Toomey
Saoirse Ronan,I Could Never Be Your Woman
Saoirse Ronan,Proof
Saoirse Ronan,The Clinic
Saoirse Ronan,Ammonite
Saoirse Ronan,Killing Eve
Saoirse Ronan,Rhonda: The Birth of a Queen
Saoirse Ronan,Neon City
Saoirse Ronan,Riverdale
Saoirse Ronan,Lost River
Saoirse Ronan,I Could Never Be Your Woman
Saoirse Ronan,Hollywood Insider
Saoirse Ronan,Entertainment Tonight
Saoirse Ronan,The United Nations Association 2020 Global Citizen Awards & 13th Annual 2020 West Coast Global Forum
Saoirse Ronan,Bow Street Meets
Saoirse Ronan,The Oscars
Saoirse Ronan,EE British Academy Film Awards
Saoirse Ronan,Celebrity Page
Saoirse Ronan,The 25th Annual Critics' Choice Awards
Saoirse Ronan,2020 Golden Globe Awards
Saoirse Ronan,Hollywood First Look Features
Saoirse Ronan,Días de cine
Saoirse Ronan,This Morning
Saoirse Ronan,The One Show
Saoirse Ronan,CBS News Sunday Morning
Saoirse Ronan,C à vous
Saoirse Ronan,Late Night with Seth Meyers
Saoirse Ronan,Live with Kelly and Ryan
Saoirse Ronan,Today
Saoirse Ronan,The Late Show with Stephen Colbert
Saoirse Ronan,The Ellen DeGeneres Show
Saoirse Ronan,The United Nations Association 2019 Global Citizen Awards & 12th Annual West Coast Global Forum
Saoirse Ronan,Loving Vincent: The Impossible Dream
Saoirse Ronan,The Graham Norton Show
Saoirse Ronan,Lorraine
Saoirse Ronan,The 76th Annual Golden Globe Awards 2019
Saoirse Ronan,The Andrew Marr Show
Saoirse Ronan,Sidewalks Entertainment
Saoirse Ronan,Watch What Happens: Live
Saoirse Ronan,Good Morning America
Saoirse Ronan,Good Morning Britain
Saoirse Ronan,IMDb on the Scene - Interviews
Saoirse Ronan,The Tonight Show Starring Jimmy Fallon
Saoirse Ronan,Made in Hollywood
Saoirse Ronan,Dish Nation
Saoirse Ronan,Jimmy Kimmel Live!
Saoirse Ronan,The Oscars
Saoirse Ronan,The Oscars Opening Ceremony: Live from the Red Carpet
Saoirse Ronan,33rd Film Independent Spirit Awards
Saoirse Ronan,Sunday Today with Willie Geist
Saoirse Ronan,The EE British Academy Film Awards
Saoirse Ronan,Quotidien
Saoirse Ronan,The IMDb Show
Saoirse Ronan,Close Up with the Hollywood Reporter
Saoirse Ronan,Trainee Filmmakers
Saoirse Ronan,24th Annual Screen Actors Guild Awards
Saoirse Ronan,E! Live from the Red Carpet
Saoirse Ronan,The 23rd Annual Critics' Choice Awards
Saoirse Ronan,75th Golden Globe Awards
Saoirse Ronan,Saturday Night Live
Saoirse Ronan,The Talk
Saoirse Ronan,The Late Late Show with James Corden
Saoirse Ronan,"Watching, Waiting"
Saoirse Ronan,The 70th Annual Tony Awards
Saoirse Ronan,Birthday Stories with Lynn Hirschberg
Saoirse Ronan,Brooklyn: Featurette
Saoirse Ronan,The Oscars
Saoirse Ronan,The EE British Academy Film Awards
Saoirse Ronan,22nd Annual Screen Actors Guild Awards
Saoirse Ronan,Access Hollywood
Saoirse Ronan,21st Annual Critics' Choice Awards
Saoirse Ronan,LA Times: The Envelope
Saoirse Ronan,73rd Golden Globe Awards
Saoirse Ronan,Extra with Billy Bush
Saoirse Ronan,Variety Studio: Actors on Actors
Saoirse Ronan,The British Academy Britannia Awards
Saoirse Ronan,Film 2018
Saoirse Ronan,TFI Friday
Saoirse Ronan,The IMDb Studio at Sundance
Saoirse Ronan,Cinema 3
Saoirse Ronan,Rencontres de cinéma
Saoirse Ronan,The Jonathan Ross Show
Saoirse Ronan,Good Day L.A.
Saoirse Ronan,Anderson Live
Saoirse Ronan,Big Morning Buzz Live
Saoirse Ronan,Beyond the Trailer
Saoirse Ronan,Weekend Ticket
Saoirse Ronan,10th Annual Irish Film & Television Awards
Saoirse Ronan,Electric Burma
Saoirse Ronan,Hanna: Adapt or Die
Saoirse Ronan,Hanna: Central Intelligence Allegory
Saoirse Ronan,Breakfast
Saoirse Ronan,Film Fiend
Saoirse Ronan,Attack of the Show!
Saoirse Ronan,Up Close with Carrie Keagan
Saoirse Ronan,8th Annual Irish Film and Television Awards
Saoirse Ronan,Janela Indiscreta
Saoirse Ronan,Xposé
Saoirse Ronan,The 7th Annual Irish Film and Television Awards
Saoirse Ronan,Live from Studio Five
Saoirse Ronan,Guión busca estrella
Saoirse Ronan,15th Annual Critics' Choice Movie Awards
Saoirse Ronan,The Hour
Saoirse Ronan,The Project
Saoirse Ronan,The Late Late Show
Saoirse Ronan,The 6th Annual Irish Film and Television Awards
Saoirse Ronan,Fred
Saoirse Ronan,Bringing the Past to Life: The Making of 'Atonement'
Saoirse Ronan,An Evening at the Academy Awards
Saoirse Ronan,La noche de los Oscar
Saoirse Ronan,The 80th Annual Academy Awards
Saoirse Ronan,Moments Within Moments
Saoirse Ronan,Celebrity Page
Saoirse Ronan,Live with Kelly and Ryan
Saoirse Ronan,Entertainment Tonight
Saoirse Ronan,The Movies
Saoirse Ronan,Hoy nos toca
Saoirse Ronan,Brooklyn: Deleted Scenes
Saoirse Ronan,Welcome to the Basement
Saoirse Ronan,The Insider
Saoirse Ronan,Extra with Billy Bush
Saoirse Ronan,The Graham Norton Show
Saoirse Ronan,"Oscar, que empiece el espectáculo"
Eowyn Young,The Abaddon Pit
Eowyn Young,Little Women
Eowyn Young,Law & Order: Special Victims Unit
Eowyn Young,The 70th Annual Tony Awards
Eowyn Young,Nick Sports Ultimate Rashad Jennings Game Parody
Eowyn Young,Impractical Jokers
Harper Pilat,Little Women
Harper Pilat,Castle Rock
Sasha Frolova,Ladies Cheap Cocktails
Sasha Frolova,Mare of Easttown
Sasha Frolova,From a Son
Sasha Frolova,Bull
Sasha Frolova,The Empty Man
Sasha Frolova,Little Women
Sasha Frolova,Kindred Spirits
Sasha Frolova,Creedence Clearwater Revival: Have You Ever Seen the Rain
Sasha Frolova,Lou
Sasha Frolova,Wild Nights with Emily
Sasha Frolova,Red Sparrow
Sasha Frolova,The Postman Dreams 2
Sasha Frolova,Blood Surf
Sasha Frolova,The OA
Sasha Frolova,All at Once
Sasha Frolova,Blue Bloods
Sasha Frolova,The Interestings
Sasha Frolova,Some of Us Had Been Threatening Our Friend Colby
Sasha Frolova,Exteriors
Sasha Frolova,CCR - Have You Ever Seen the Rain (Behind-the-Scenes)
Sasha Frolova,500
Sasha Frolova,Collina Strada: Spring/Summer 2019 at NYFW
David J. Curtis,The Grilled Cheese Party
David J. Curtis,Gloveless
David J. Curtis,Kevin Can F**k Himself
David J. Curtis,Blood and Money
David J. Curtis,Little Women
David J. Curtis,Chasing Life
David J. Curtis,Diamond Ruff
David J. Curtis,Stories for Dinner
David J. Curtis,Clear History
David J. Curtis,R.I.P.D.
David J. Curtis,Ocean Boulevard
David J. Curtis,The Makeover
David J. Curtis,YtF
David J. Curtis,How to Make It in America
David J. Curtis,4 Cambridge Center
David J. Curtis,The Last Harbor
David J. Curtis,Edge of Darkness
David J. Curtis,Mother G
David J. Curtis,The Maiden Heist
Edward Fletcher,Don't Look Up
David J. Curtis,Under the Hood
David J. Curtis,Interviewing Norman
David J. Curtis,Slavery and the Making of America
David J. Curtis,The Skeleton Key
David J. Curtis,Wrong Hollywood Number
David J. Curtis,The Gathering
David J. Curtis,YtF
David J. Curtis,Drawing from Life
David J. Curtis,Proud Mary
David J. Curtis,Proud Mary
Edward Fletcher,The Trial of the Chicago 7
Edward Fletcher,Little Women
Edward Fletcher,Lent!
Edward Fletcher,Vice
Edward Fletcher,Beautiful Boy
Edward Fletcher,Spanish Fly
Edward Fletcher,Buffy the Vampire Slayer
Edward Fletcher,Titanic
Edward Fletcher,The Naughty List
Edward Fletcher,Last Mysteries of the Titanic
Edward Fletcher,Titanic Explorer
Ian Wallace,Free Guy
Ian Wallace,"Love, Weddings & Other Disasters"
Ian Wallace,Little Women
Ian Wallace,Bay State
Ian Wallace,Marv and the Mugger
Geoff Wingham,Comment allez vous? Je suis épuisé
Geoff Wingham,The Politician
Geoff Wingham,Little Women
Geoff Wingham,The Irishman
Geoff Wingham,The Founder
Geoff Wingham,The Middle
Geoff Wingham,Trailer Park Boys
Geoff Wingham,White Collar
Geoff Wingham,Fruitvale Station
Geoff Wingham,Kill Your Darlings
Geoff Wingham,The Perks of Being a Wallflower
Geoff Wingham,Magic City
Geoff Wingham,Curb Your Enthusiasm
Geoff Wingham,Damages
Geoff Wingham,Desperate Housewives
Geoff Wingham,Invictus
Geoff Wingham,Friends
Geoff Wingham,Grosse Pointe
Geoff Wingham,These Old Broads
Geoff Wingham,In the Bedroom
Geoff Wingham,Will & Grace
Dash Barber,Flasher
Dash Barber,Urania Leilus
Dash Barber,Little Women
Dash Barber,Let Mercy Come
Dash Barber,Patriot
Dash Barber,Clarissa & the King's Cookbook
Dash Barber,The Queen
Taryn Wieland,Ascension
Taryn Wieland,Little Women
Taryn Wieland,Shattered
Taryn Wieland,Family Bond
Taryn Wieland,Mysteries at the Museum
Taryn Wieland,The Blacklist
Mauricio Viteri,Ruby
Mauricio Viteri,When the Sun Dies
Mauricio Viteri,Deadlock: Grave Robber 2
Mauricio Viteri,Late Night Habits
Mauricio Viteri,Tony Martone
Mauricio Viteri,Elizabeth Carter
Mauricio Viteri,Reflections: Project Chameleon
Mauricio Viteri,After the Fall
Mauricio Viteri,Spenser Confidential
Mauricio Viteri,Kødé
Mauricio Viteri,Little Women
Mauricio Viteri,Arbor Day
Mauricio Viteri,The Color Red Only
Mauricio Viteri,Letters for Annie: Memories from World War II
Mauricio Viteri,Aseman
Mauricio Viteri,Fireflies
Mauricio Viteri,Undecided
Mauricio Viteri,Honky Holocaust
Mauricio Viteri,Shades of Gray
Mauricio Viteri,12 Rounds for the Loaded
Mauricio Viteri,Here Comes the Boom
Mauricio Viteri,Cowboy Cafe
Mauricio Viteri,Noah
Tom Stratford,Clifford the Big Red Dog
Tom Stratford,Little Women
Tom Stratford,The Climb
Tom Stratford,BlacKkKlansman
Tom Stratford,Eighth Grade
Tom Stratford,The Knick
Tom Stratford,The Leftovers
Tom Stratford,The Following
Tom Stratford,Winter's Tale
Tom Stratford,The Immigrant
Tom Stratford,Phil Spector
Tom Stratford,The Corrections
Tom Stratford,Elementary
Tom Stratford,Boardwalk Empire
Tom Stratford,Tied to a Chair
Tom Stratford,Unforgettable
Tom Stratford,Sex and the City 2
Tom Stratford,Mercy
Tom Stratford,Damages
Tom Stratford,Ugly Betty
Tom Stratford,My Secret Billionaire
Tom Stratford,The Other Woman
Tom Stratford,The Rebound
David Arthur Sousa,Mother/Android
Tom Stratford,Little New York
Tom Stratford,Julie & Julia
Tom Stratford,Royal Pains
Tom Stratford,Law & Order: Criminal Intent
Tom Stratford,As the World Turns
Tom Stratford,Confessions of a Shopaholic
Tom Stratford,Life on Mars
Tom Stratford,Lipstick Jungle
Tom Stratford,Gossip Girl
Tom Stratford,Sex and the City
Tom Stratford,The Naked Brothers Band
Tom Stratford,30 Rock
Tom Stratford,What Happens in Vegas
Tom Stratford,Brutal Massacre: A Comedy
Tom Stratford,Damages
Tom Stratford,Delirious
David Arthur Sousa,Classifyd
David Arthur Sousa,Free Guy
David Arthur Sousa,Godmothered
David Arthur Sousa,"Love, Weddings & Other Disasters"
David Arthur Sousa,A Ring for Christmas
David Arthur Sousa,Spenser Confidential
David Arthur Sousa,Anastasia
David Arthur Sousa,Little Women
David Arthur Sousa,Castle Rock
David Arthur Sousa,Rideshare
David Arthur Sousa,Sound of Metal
David Arthur Sousa,The Wrong Mans
David Arthur Sousa,Open Your Eyes
David Arthur Sousa,V-LOG
David Arthur Sousa,American Odyssey
David Arthur Sousa,The Fighter
Brian Tobin,Bloom
Brian Tobin,Gardenia
Brian Tobin,The Resurrection of Victoria Wheeler
Brian Tobin,The Sleepover
Brian Tobin,Ava
Brian Tobin,Little Women
Brian Tobin,CODA
Brian Tobin,I Feel Pretty
Brian Tobin,Spinning My Reality
Brian Tobin,Literal Gangster
Harold Rudolph,Don't Look Up
Harold Rudolph,The Gilded Age
Harold Rudolph,Central Catholic High Art Society
Harold Rudolph,Dead Reckoning
Harold Rudolph,One Royal Holiday
Harold Rudolph,Little Women
Harold Rudolph,Castle Rock
Harold Rudolph,The Man Who Killed Hitler and Then the Bigfoot
Harold Rudolph,The Equalizer 2
Harold Rudolph,I Feel Pretty
Harold Rudolph,Chappaquiddick
Harold Rudolph,Stronger
Harold Rudolph,Detroit
Harold Rudolph,The Polka King
Harold Rudolph,Patriots Day
Harold Rudolph,Ghostbusters
Harold Rudolph,Spotlight
Harold Rudolph,The World's Astonishing News!
Harold Rudolph,Family Problems
Harold Rudolph,Looking
Harold Rudolph,Wives with Knives
Harold Rudolph,The Master
Bill Salvatore,Ray Donovan
Bill Salvatore,A Playful Romance
Bill Salvatore,Taking the Reins
Bill Salvatore,Night at the Eagle Inn
Bill Salvatore,Christmas on Ice
Bill Salvatore,Ten Minutes to Midnight
Bill Salvatore,Defending Jacob
Bill Salvatore,A Predator's Obsession
Bill Salvatore,Rediscovering Christmas
Bill Salvatore,The Big Shot
Bill Salvatore,Little Women
Bill Salvatore,Holiday for Heroes
Bill Salvatore,A Very Nutty Christmas
Bill Salvatore,Christmas on Honeysuckle Lane
Bill Salvatore,Christmas at Pemberley Manor
Bill Salvatore,Her Son's Secret
Bill Salvatore,Romance at Reindeer Lodge
Bill Salvatore,A Very Merry Toy Store
Bill Salvatore,Splitting Image
Yefim Somin,Midnight Butterflies
Scott Sederquist,Indescribable Urgencies
Bill Salvatore,Stalker's Prey
Bill Salvatore,The Cobblestone Corridor
Bill Salvatore,The Murder Pact
Bill Salvatore,Wishin' and Hopin'
Bill Salvatore,The Last American Vampire
Bill Salvatore,Ten Minutes to Midnight
Yefim Somin,Bad Art Cops
Yefim Somin,S.E.L.L.A's Kitchen
Yefim Somin,First Signal
Yefim Somin,Reflections: Project Chameleon
Yefim Somin,Granny Panties
Yefim Somin,Ava
Yefim Somin,Truth Behind Closed Doors
Yefim Somin,Bacchae
Yefim Somin,Sing to Speak
Yefim Somin,After the Fall
Yefim Somin,Little Women
Yefim Somin,The Russian Bride
Yefim Somin,Letters for Annie: Memories from World War II
Yefim Somin,Higher Methods
Yefim Somin,Castle Rock
Yefim Somin,The 4th Day
Yefim Somin,Assassin Nation
Yefim Somin,Testing
Yefim Somin,The Cars That Made America
Yefim Somin,Thomas
Yefim Somin,In My Mothers Eyes
Yefim Somin,Brute Sanity
Yefim Somin,The Folklorist
Scott Sederquist,Ice Patrol
Scott Sederquist,The Trap
Scott Sederquist,Code 13: Unreadable
Scott Sederquist,The Resurrection of Victoria Wheeler
Scott Sederquist,I Care a Lot
Scott Sederquist,Ava
Scott Sederquist,Spenser Confidential
Scott Sederquist,Little Women
Scott Sederquist,Testing
Scott Sederquist,Karmic Justice
Scott Sederquist,H.R.
Scott Sederquist,Vertical
Scott Sederquist,The Man Who Killed Hitler and Then the Bigfoot
Scott Sederquist,The Catcher Was a Spy
Scott Sederquist,Patriot of the Web
Scott Sederquist,Nothing to Lose
Scott Sederquist,Daddy's Home 2
Scott Sederquist,Blood Highway
Scott Sederquist,Detroit
Scott Sederquist,Ghosts Vs.Monsters
Scott Sederquist,Angelo's Revenge
Scott Sederquist,Ghostbusters
Scott Sederquist,Topic Time with Harrison Young
Yefim Somin,Ghostbusters
Yefim Somin,The Purge: Election Year
Yefim Somin,"The Fastest, Most Romantic Love Yet"
Yefim Somin,Sex Tape
Yefim Somin,Sins of the Preacher
Amber Leanne Rothberg,It's Alright Now
Amber Leanne Rothberg,The Wizdor Hotel
Amber Leanne Rothberg,Realm of the Waterfall
Amber Leanne Rothberg,Vice Squad: New Orleans
Amber Leanne Rothberg,The Families Feud
Amber Leanne Rothberg,Little Women
Amber Leanne Rothberg,Stray
Amber Leanne Rothberg,Actors 2020 Podcast
Grant Rosado,Memeology
Grant Rosado,Hellbent
Grant Rosado,Twas the Night
Grant Rosado,Eco Reps
Grant Rosado,Brunch in Bristol
Grant Rosado,Memeology
Grant Rosado,Twas the Night
Grant Rosado,Eco Reps
Grant Rosado,Brunch in Bristol
Grant Rosado,Twas the Night
Grant Rosado,Eco Reps
Grant Rosado,Brunch in Bristol
Grant Rosado,Riot!
Grant Rosado,Little Women
Grant Rosado,El Caballo
Jared Reinfeldt,Mother/Android
Jared Reinfeldt,Gossip Girl
Jared Reinfeldt,I Want Your Love (from 'The Ladies Man' a pop/rock musical)
Jared Reinfeldt,The Flight Attendant
Jared Reinfeldt,Little Women
Jared Reinfeldt,Suspicion
Jared Reinfeldt,Professor Marston & the Wonder Women
Jessica Rookeward,Fire + Roses
Jessica Rookeward,Octonauts: Above & Beyond
Jessica Rookeward,The Out-Fit
Jessica Rookeward,Paraíso
Jessica Rookeward,Parot
Jessica Rookeward,Little Women
Jessica Rookeward,Laetitia
Jessica Rookeward,The Food That Built America
Jessica Rookeward,The Out-Fit
Jessica Rookeward,The Out-Fit
Nathan Porter,Dragon Squad Gangs of New York
Nathan Porter,Mother/Android
Nathan Porter,Don't Look Up
Nathan Porter,Free Guy
Nathan Porter,A Ring for Christmas
Nathan Porter,Spenser Confidential
Nathan Porter,Little Women
Nathan Porter,Castle Rock
Nathan Porter,The Equalizer 2
Nathan Porter,I Feel Pretty
Nathan Porter,Daddy's Home 2
Nathan Porter,Chappaquiddick
Nathan Porter,Detroit
actor,movie_or_TV_name
Abby Quinn,Tattered Hearts
Abby Quinn,I'm Thinking of Ending Things
Abby Quinn,Shithouse
Abby Quinn,Woman Up
Abby Quinn,Mad About You
Abby Quinn,Little Women
Abby Quinn,After the Wedding
Abby Quinn,Better Call Saul
Abby Quinn,Good Girls Get High
Abby Quinn,Radium Girls
Abby Quinn,Black Mirror
Abby Quinn,Landline
Abby Quinn,The Journey Is the Destination
Abby Quinn,The Sisterhood of Night
Abby Quinn,Law & Order: Special Victims Unit
Abby Quinn,Good Girls Get High
Abby Quinn,After the Wedding
Abby Quinn,Landline
Abby Quinn,Made in Hollywood
Jonathan Acorn,Little Women
Saoirse Ronan,Foe
Saoirse Ronan,Untitled Murder Mystery
Saoirse Ronan,The French Dispatch
Saoirse Ronan,Ammonite
Saoirse Ronan,Little Women
Saoirse Ronan,Mary Queen of Scots
Saoirse Ronan,The Seagull
Saoirse Ronan,Great Performers: Horror Show
Saoirse Ronan,On Chesil Beach
Saoirse Ronan,Lady Bird
Saoirse Ronan,Loving Vincent
Saoirse Ronan,Ed Sheeran: Galway Girl
Saoirse Ronan,Hozier: Cherry Wine
Saoirse Ronan,Weepah Way for Now
Saoirse Ronan,Brooklyn
Saoirse Ronan,"Stockholm, Pennsylvania"
Saoirse Ronan,Robot Chicken
Saoirse Ronan,Lost River
Saoirse Ronan,Muppets Most Wanted
Saoirse Ronan,The Grand Budapest Hotel
Saoirse Ronan,Justin and the Knights of Valour
Saoirse Ronan,How I Live Now
Saoirse Ronan,The Host
Saoirse Ronan,Byzantium
Saoirse Ronan,Violet & Daisy
Saoirse Ronan,Hanna
Saoirse Ronan,The Way Back
Saoirse Ronan,The Secret World of Arrietty
Saoirse Ronan,The Lovely Bones
Saoirse Ronan,Saturday Night Live
Saoirse Ronan,City of Ember
Saoirse Ronan,Death Defying Acts
Saoirse Ronan,Atonement
Saoirse Ronan,The Christmas Miracle of Jonathan Toomey
Saoirse Ronan,I Could Never Be Your Woman
Saoirse Ronan,Proof
Saoirse Ronan,The Clinic
Saoirse Ronan,Ammonite
Saoirse Ronan,Killing Eve
Saoirse Ronan,Rhonda: The Birth of a Queen
Saoirse Ronan,Neon City
Saoirse Ronan,Riverdale
Saoirse Ronan,Lost River
Saoirse Ronan,I Could Never Be Your Woman
Saoirse Ronan,Hollywood Insider
Saoirse Ronan,Entertainment Tonight
Saoirse Ronan,The United Nations Association 2020 Global Citizen Awards & 13th Annual 2020 West Coast Global Forum
Saoirse Ronan,Bow Street Meets
Saoirse Ronan,The Oscars
Saoirse Ronan,EE British Academy Film Awards
Saoirse Ronan,Celebrity Page
Saoirse Ronan,The 25th Annual Critics' Choice Awards
Saoirse Ronan,2020 Golden Globe Awards
Saoirse Ronan,Hollywood First Look Features
Saoirse Ronan,Días de cine
Saoirse Ronan,This Morning
Saoirse Ronan,The One Show
Saoirse Ronan,CBS News Sunday Morning
Saoirse Ronan,C à vous
Saoirse Ronan,Late Night with Seth Meyers
Saoirse Ronan,Live with Kelly and Ryan
Saoirse Ronan,Today
Saoirse Ronan,The Late Show with Stephen Colbert
Saoirse Ronan,The Ellen DeGeneres Show
Saoirse Ronan,The United Nations Association 2019 Global Citizen Awards & 12th Annual West Coast Global Forum
Saoirse Ronan,Loving Vincent: The Impossible Dream
Saoirse Ronan,The Graham Norton Show
Saoirse Ronan,Lorraine
Saoirse Ronan,The 76th Annual Golden Globe Awards 2019
Saoirse Ronan,The Andrew Marr Show
Saoirse Ronan,Sidewalks Entertainment
Saoirse Ronan,Watch What Happens: Live
Saoirse Ronan,Good Morning America
Saoirse Ronan,Good Morning Britain
Saoirse Ronan,IMDb on the Scene - Interviews
Saoirse Ronan,The Tonight Show Starring Jimmy Fallon
Saoirse Ronan,Made in Hollywood
Saoirse Ronan,Dish Nation
Saoirse Ronan,Jimmy Kimmel Live!
Saoirse Ronan,The Oscars
Saoirse Ronan,The Oscars Opening Ceremony: Live from the Red Carpet
Saoirse Ronan,33rd Film Independent Spirit Awards
Saoirse Ronan,Sunday Today with Willie Geist
Saoirse Ronan,The EE British Academy Film Awards
Saoirse Ronan,Quotidien
Saoirse Ronan,The IMDb Show
Saoirse Ronan,Close Up with the Hollywood Reporter
Saoirse Ronan,Trainee Filmmakers
Saoirse Ronan,24th Annual Screen Actors Guild Awards
Saoirse Ronan,E! Live from the Red Carpet
Saoirse Ronan,The 23rd Annual Critics' Choice Awards
Saoirse Ronan,75th Golden Globe Awards
Saoirse Ronan,Saturday Night Live
Saoirse Ronan,The Talk
Saoirse Ronan,The Late Late Show with James Corden
Saoirse Ronan,"Watching, Waiting"
Saoirse Ronan,The 70th Annual Tony Awards
Saoirse Ronan,Birthday Stories with Lynn Hirschberg
Saoirse Ronan,Brooklyn: Featurette
Saoirse Ronan,The Oscars
Saoirse Ronan,The EE British Academy Film Awards
Saoirse Ronan,22nd Annual Screen Actors Guild Awards
Saoirse Ronan,Access Hollywood
Saoirse Ronan,21st Annual Critics' Choice Awards
Saoirse Ronan,LA Times: The Envelope
Saoirse Ronan,73rd Golden Globe Awards
Saoirse Ronan,Extra with Billy Bush
Saoirse Ronan,Variety Studio: Actors on Actors
Saoirse Ronan,The British Academy Britannia Awards
Saoirse Ronan,Film 2018
Saoirse Ronan,TFI Friday
Saoirse Ronan,The IMDb Studio at Sundance
J.M. Davis,Little Women
Saoirse Ronan,Cinema 3
Saoirse Ronan,Rencontres de cinéma
Saoirse Ronan,The Jonathan Ross Show
Saoirse Ronan,Good Day L.A.
Saoirse Ronan,Anderson Live
Saoirse Ronan,Big Morning Buzz Live
Saoirse Ronan,Beyond the Trailer
Saoirse Ronan,Weekend Ticket
Saoirse Ronan,10th Annual Irish Film & Television Awards
Saoirse Ronan,Electric Burma
Saoirse Ronan,Hanna: Adapt or Die
Saoirse Ronan,Hanna: Central Intelligence Allegory
Saoirse Ronan,Breakfast
Saoirse Ronan,Film Fiend
Saoirse Ronan,Attack of the Show!
Saoirse Ronan,Up Close with Carrie Keagan
Saoirse Ronan,8th Annual Irish Film and Television Awards
Saoirse Ronan,Janela Indiscreta
Saoirse Ronan,Xposé
Saoirse Ronan,The 7th Annual Irish Film and Television Awards
Saoirse Ronan,Live from Studio Five
Saoirse Ronan,Guión busca estrella
Saoirse Ronan,15th Annual Critics' Choice Movie Awards
Saoirse Ronan,The Hour
Saoirse Ronan,The Project
Saoirse Ronan,The Late Late Show
Saoirse Ronan,The 6th Annual Irish Film and Television Awards
Saoirse Ronan,Fred
Saoirse Ronan,Bringing the Past to Life: The Making of 'Atonement'
Saoirse Ronan,An Evening at the Academy Awards
Saoirse Ronan,La noche de los Oscar
Saoirse Ronan,The 80th Annual Academy Awards
Saoirse Ronan,Moments Within Moments
Saoirse Ronan,Celebrity Page
Saoirse Ronan,Live with Kelly and Ryan
Saoirse Ronan,Entertainment Tonight
Saoirse Ronan,The Movies
Saoirse Ronan,Hoy nos toca
Saoirse Ronan,Brooklyn: Deleted Scenes
Saoirse Ronan,Welcome to the Basement
Saoirse Ronan,The Insider
Saoirse Ronan,Extra with Billy Bush
Saoirse Ronan,The Graham Norton Show
Saoirse Ronan,"Oscar, que empiece el espectáculo"
Lilly Englert,A Tuscan Sunset
Lilly Englert,Little Women
Lilly Englert,HotSpot: A Guide to Finding Love
Lilly Englert,Ask for Jane
Lilly Englert,Quantico
Lilly Englert,The Wilde Wedding
Lilly Englert,Julie Taymor's A Midsummer Night's Dream
Lilly Englert,HotSpot: A Guide to Finding Love
Jen Nikolaisen,Yes Day
Jen Nikolaisen,Irresistible
Jen Nikolaisen,12 Pups of Christmas
Jen Nikolaisen,Little Women
Jen Nikolaisen,22
Jen Nikolaisen,Mother Mother
Jen Nikolaisen,Lucky Dog
Jen Nikolaisen,Murder in the First
Jen Nikolaisen,Atlas Shrugged: Who Is John Galt?
Jen Nikolaisen,We Are Angels
Jen Nikolaisen,NCIS
Jen Nikolaisen,The Republic of Two
Jen Nikolaisen,Barrel 28
Jen Nikolaisen,Bad Nannies
Jen Nikolaisen,Wrong Cops
Jen Nikolaisen,Retribution
Jen Nikolaisen,Gabe the Cupid Dog
Jen Nikolaisen,Fetching
Jen Nikolaisen,Southland
Jen Nikolaisen,A Warrior's Journey
Jen Nikolaisen,Chubduction
Jen Nikolaisen,Delia
Jen Nikolaisen,We're Not Together
Jen Nikolaisen,Iris Expanding
Jen Nikolaisen,Represent
Jen Nikolaisen,The 6 Month Rule
Jen Nikolaisen,Bundy: A Legacy of Evil
Jen Nikolaisen,Love Royale
Jen Nikolaisen,Corpse Run
Jen Nikolaisen,Booth Girls
Jen Nikolaisen,A Four Cent Carol
Jen Nikolaisen,Boston Strangler: The Untold Story
Jen Nikolaisen,The Golden Egg
Jen Nikolaisen,Close to Home
Jen Nikolaisen,Little Black Dress (& Heels)
Jen Nikolaisen,Passions
Jen Nikolaisen,Mr. Tempest Is Here
Jen Nikolaisen,Thérèse: The Story of Saint Thérèse of Lisieux
Jen Nikolaisen,Afternoon Delight
Jen Nikolaisen,The Hillz
Jen Nikolaisen,Final Examination
Jen Nikolaisen,Dishwalla: Somewhere in the Middle
Jen Nikolaisen,Floater
Jen Nikolaisen,The F-List
Jen Nikolaisen,Delia
Jen Nikolaisen,Mr. Tempest Is Here
Jen Nikolaisen,Hate Me
Jen Nikolaisen,Be Nice Teaser
Jen Nikolaisen,Represent
Jen Nikolaisen,Yes Day
Jen Nikolaisen,The F-List
Jen Nikolaisen,The Bold and the Fuel Efficient
Bill Mootos,BENNY Go Home
Bill Mootos,Don't Look Up
Bill Mootos,Little Women
Bill Mootos,Castle Rock
Bill Mootos,Daddy's Home 2
Bill Mootos,Chappaquiddick
Bill Mootos,The Devil You Know
Bill Mootos,American Odyssey
Bill Mootos,Hatfields & McCoys
Bill Mootos,Siren
Bill Mootos,R.I.P.D.
Bill Mootos,Flesh Eaters
Bill Mootos,The Makeover
Bill Mootos,Frontline
Bill Mootos,The Restaurant
Bill Mootos,In the Family
Bill Mootos,Phishing
Bill Mootos,Water Cycle
Bill Mootos,Locked In
Bill Mootos,Amateur Suicide Hotline
Bill Mootos,The Company Men
Bill Mootos,Incident at Cu Chi
Bill Mootos,Waterfront
Bill Mootos,Hard Luck
Bill Mootos,They Made America
Bill Mootos,Easy Listening
Bill Mootos,What's the Worst That Could Happen?
Bill Mootos,Something Sweet
Bill Mootos,The Gores of Massachusetts
Bill Mootos,Amateur Suicide Hotline
Bill Mootos,Frontline
Bill Mootos,Frontline
Bill Mootos,American Prophet: The Story of Joseph Smith
Lucy Austin,Down by the Water
Lucy Austin,Little Women
Lewis D. Wheeler,A Cape Cod Christmas
Lewis D. Wheeler,Don't Look Up
Lewis D. Wheeler,Honest Thief
Lewis D. Wheeler,NOS4A2
Lewis D. Wheeler,Across the Pacific
Lewis D. Wheeler,Little Women
Lewis D. Wheeler,In Event of Moon Disaster
Lewis D. Wheeler,City on a Hill
Lewis D. Wheeler,Frontline
Lewis D. Wheeler,Wonderful Life
Lewis D. Wheeler,Live by Night
Lewis D. Wheeler,Manchester by the Sea
Lewis D. Wheeler,Black Mass
Lewis D. Wheeler,Gilded Lilys
Lewis D. Wheeler,Hatfields & McCoys
Lewis D. Wheeler,Nova
Lewis D. Wheeler,God in America
Lewis D. Wheeler,The Company Men
Lewis D. Wheeler,Interfaces
Lewis D. Wheeler,Sunrise
Lewis D. Wheeler,Don McKay
Lewis D. Wheeler,American Experience
Lewis D. Wheeler,For the Love of Movies: The Story of American Film Criticism
Lewis D. Wheeler,The Pink Panther 2
Lewis D. Wheeler,American Masters
Lewis D. Wheeler,Side by Each
Lewis D. Wheeler,Gone Baby Gone
Lewis D. Wheeler,Underdog
Lewis D. Wheeler,The War That Made America
Lewis D. Wheeler,Brotherhood
Lewis D. Wheeler,They Made America
Lewis D. Wheeler,Blind Alleys
Lewis D. Wheeler,Leading to War
Lewis D. Wheeler,Casting About
Lewis D. Wheeler,The Blue Diner
Lewis D. Wheeler,Bear Wars
Lewis D. Wheeler,Return of the Eagle
Lewis D. Wheeler,Next Stop Wonderland
Lewis D. Wheeler,A Guy Walks Into a Bar
Lewis D. Wheeler,Looking for Richard
Lewis D. Wheeler,Pat Metheny Group: More Travels
Lewis D. Wheeler,Frontline
Lewis D. Wheeler,Trespasses
Lewis D. Wheeler,A Guy Walks Into a Bar
Lewis D. Wheeler,My Body
Lewis D. Wheeler,Deliver Them from Evil: The Taking of Alta View
Lewis D. Wheeler,Against the Law
Lewis D. Wheeler,A Shock to the System
Lewis D. Wheeler,Getting Personal
Lewis D. Wheeler,Looking for Richard
Lewis D. Wheeler,The Blue Diner
Lewis D. Wheeler,The Game Plan
Lewis D. Wheeler,The Fog of War
Lewis D. Wheeler,Home Cookin: Over 100 Years in the Making
Harper Pilat,Little Women
Harper Pilat,Castle Rock
Eowyn Young,The Abaddon Pit
Eowyn Young,Little Women
Eowyn Young,Law & Order: Special Victims Unit
Eowyn Young,The 70th Annual Tony Awards
Eowyn Young,Nick Sports Ultimate Rashad Jennings Game Parody
Eowyn Young,Impractical Jokers
David J. Curtis,The Grilled Cheese Party
David J. Curtis,Gloveless
David J. Curtis,Kevin Can F**k Himself
David J. Curtis,Blood and Money
David J. Curtis,Little Women
David J. Curtis,Chasing Life
David J. Curtis,Diamond Ruff
David J. Curtis,Stories for Dinner
David J. Curtis,Clear History
David J. Curtis,R.I.P.D.
David J. Curtis,Ocean Boulevard
David J. Curtis,The Makeover
David J. Curtis,YtF
David J. Curtis,How to Make It in America
David J. Curtis,4 Cambridge Center
David J. Curtis,The Last Harbor
David J. Curtis,Edge of Darkness
David J. Curtis,Mother G
David J. Curtis,The Maiden Heist
David J. Curtis,Under the Hood
David J. Curtis,Interviewing Norman
David J. Curtis,Slavery and the Making of America
David J. Curtis,The Skeleton Key
David J. Curtis,Wrong Hollywood Number
David J. Curtis,The Gathering
David J. Curtis,YtF
David J. Curtis,Drawing from Life
David J. Curtis,Proud Mary
David J. Curtis,Proud Mary
Dash Barber,Flasher
Dash Barber,Urania Leilus
Dash Barber,Little Women
Dash Barber,Let Mercy Come
Dash Barber,Patriot
Dash Barber,Clarissa & the King's Cookbook
Dash Barber,The Queen
Sasha Frolova,Ladies Cheap Cocktails
Sasha Frolova,Mare of Easttown
Sasha Frolova,From a Son
Sasha Frolova,Bull
Sasha Frolova,The Empty Man
Sasha Frolova,Little Women
Sasha Frolova,Kindred Spirits
Sasha Frolova,Creedence Clearwater Revival: Have You Ever Seen the Rain
Sasha Frolova,Lou
Sasha Frolova,Wild Nights with Emily
Sasha Frolova,Red Sparrow
Sasha Frolova,The Postman Dreams 2
Sasha Frolova,Blood Surf
Sasha Frolova,The OA
Sasha Frolova,All at Once
Sasha Frolova,Blue Bloods
Sasha Frolova,The Interestings
Sasha Frolova,Some of Us Had Been Threatening Our Friend Colby
Sasha Frolova,Exteriors
Sasha Frolova,CCR - Have You Ever Seen the Rain (Behind-the-Scenes)
Sasha Frolova,500
Sasha Frolova,Collina Strada: Spring/Summer 2019 at NYFW
Edward Fletcher,Don't Look Up
Edward Fletcher,The Trial of the Chicago 7
Edward Fletcher,Little Women
Edward Fletcher,Lent!
Edward Fletcher,Vice
Edward Fletcher,Beautiful Boy
Edward Fletcher,Spanish Fly
Edward Fletcher,Buffy the Vampire Slayer
Edward Fletcher,Titanic
Edward Fletcher,The Naughty List
Edward Fletcher,Last Mysteries of the Titanic
Edward Fletcher,Titanic Explorer
Lizzie Short,Don't Look Up
Lizzie Short,Drama Mama
Lizzie Short,Parenthood 2050
Lizzie Short,I Care a Lot
Lizzie Short,Defending Jacob
Lizzie Short,Little Women
Lizzie Short,Dilettantes
Lizzie Short,All Call
Ian Wallace,Free Guy
Ian Wallace,"Love, Weddings & Other Disasters"
Ian Wallace,Little Women
Ian Wallace,Bay State
Ian Wallace,Marv and the Mugger
Geoff Wingham,Comment allez vous? Je suis épuisé
Geoff Wingham,The Politician
Geoff Wingham,Little Women
Geoff Wingham,The Irishman
Geoff Wingham,The Founder
Geoff Wingham,The Middle
Geoff Wingham,Trailer Park Boys
Geoff Wingham,White Collar
Geoff Wingham,Fruitvale Station
Geoff Wingham,Kill Your Darlings
Geoff Wingham,The Perks of Being a Wallflower
Geoff Wingham,Magic City
Geoff Wingham,Curb Your Enthusiasm
Geoff Wingham,Damages
Geoff Wingham,Desperate Housewives
Geoff Wingham,Invictus
Geoff Wingham,Friends
Geoff Wingham,Grosse Pointe
Geoff Wingham,These Old Broads
Geoff Wingham,In the Bedroom
Geoff Wingham,Will & Grace
Taryn Wieland,Ascension
Taryn Wieland,Little Women
Taryn Wieland,Shattered
Taryn Wieland,Family Bond
Taryn Wieland,Mysteries at the Museum
Taryn Wieland,The Blacklist
Brian Tobin,Bloom
Brian Tobin,Gardenia
Brian Tobin,The Resurrection of Victoria Wheeler
Brian Tobin,The Sleepover
Brian Tobin,Ava
Brian Tobin,Little Women
Brian Tobin,CODA
Brian Tobin,I Feel Pretty
Brian Tobin,Spinning My Reality
Brian Tobin,Literal Gangster
Mauricio Viteri,Ruby
Mauricio Viteri,When the Sun Dies
Mauricio Viteri,Deadlock: Grave Robber 2
Mauricio Viteri,Late Night Habits
Mauricio Viteri,Tony Martone
Mauricio Viteri,Elizabeth Carter
Mauricio Viteri,Reflections: Project Chameleon
Mauricio Viteri,After the Fall
Mauricio Viteri,Spenser Confidential
Mauricio Viteri,Kødé
Mauricio Viteri,Little Women
Mauricio Viteri,Arbor Day
Mauricio Viteri,The Color Red Only
Mauricio Viteri,Letters for Annie: Memories from World War II
Mauricio Viteri,Aseman
Mauricio Viteri,Fireflies
Mauricio Viteri,Undecided
Mauricio Viteri,Honky Holocaust
Mauricio Viteri,Shades of Gray
Mauricio Viteri,12 Rounds for the Loaded
David Arthur Sousa,Mother/Android
Mauricio Viteri,Here Comes the Boom
Mauricio Viteri,Cowboy Cafe
Mauricio Viteri,Noah
David Arthur Sousa,Classifyd
David Arthur Sousa,Free Guy
David Arthur Sousa,Godmothered
David Arthur Sousa,"Love, Weddings & Other Disasters"
David Arthur Sousa,A Ring for Christmas
David Arthur Sousa,Spenser Confidential
David Arthur Sousa,Anastasia
David Arthur Sousa,Little Women
David Arthur Sousa,Castle Rock
David Arthur Sousa,Rideshare
David Arthur Sousa,Sound of Metal
David Arthur Sousa,The Wrong Mans
David Arthur Sousa,Open Your Eyes
David Arthur Sousa,V-LOG
David Arthur Sousa,American Odyssey
David Arthur Sousa,The Fighter
Yefim Somin,Midnight Butterflies
Yefim Somin,Bad Art Cops
Yefim Somin,S.E.L.L.A's Kitchen
Yefim Somin,First Signal
Yefim Somin,Reflections: Project Chameleon
Yefim Somin,Granny Panties
Yefim Somin,Ava
Yefim Somin,Truth Behind Closed Doors
Yefim Somin,Bacchae
Yefim Somin,Sing to Speak
Yefim Somin,After the Fall
Yefim Somin,Little Women
Yefim Somin,The Russian Bride
Yefim Somin,Letters for Annie: Memories from World War II
Yefim Somin,Higher Methods
Yefim Somin,Castle Rock
Yefim Somin,The 4th Day
Yefim Somin,Assassin Nation
Yefim Somin,Testing
Yefim Somin,The Cars That Made America
Yefim Somin,Thomas
Yefim Somin,In My Mothers Eyes
Yefim Somin,Brute Sanity
Yefim Somin,The Folklorist
Yefim Somin,Ghostbusters
Yefim Somin,The Purge: Election Year
Yefim Somin,"The Fastest, Most Romantic Love Yet"
Yefim Somin,Sex Tape
Yefim Somin,Sins of the Preacher
Tom Stratford,Clifford the Big Red Dog
Tom Stratford,Little Women
Tom Stratford,The Climb
Tom Stratford,BlacKkKlansman
Tom Stratford,Eighth Grade
Tom Stratford,The Knick
Tom Stratford,The Leftovers
Tom Stratford,The Following
Tom Stratford,Winter's Tale
Tom Stratford,The Immigrant
Tom Stratford,Phil Spector
Tom Stratford,The Corrections
Tom Stratford,Elementary
Tom Stratford,Boardwalk Empire
Tom Stratford,Tied to a Chair
Tom Stratford,Unforgettable
Tom Stratford,Sex and the City 2
Tom Stratford,Mercy
Tom Stratford,Damages
Tom Stratford,Ugly Betty
Tom Stratford,My Secret Billionaire
Tom Stratford,The Other Woman
Tom Stratford,The Rebound
Tom Stratford,Little New York
Tom Stratford,Julie & Julia
Tom Stratford,Royal Pains
Tom Stratford,Law & Order: Criminal Intent
Tom Stratford,As the World Turns
Tom Stratford,Confessions of a Shopaholic
Tom Stratford,Life on Mars
Tom Stratford,Lipstick Jungle
Tom Stratford,Gossip Girl
Tom Stratford,Sex and the City
Tom Stratford,The Naked Brothers Band
Tom Stratford,30 Rock
Tom Stratford,What Happens in Vegas
Tom Stratford,Brutal Massacre: A Comedy
Tom Stratford,Damages
Tom Stratford,Delirious
Bill Salvatore,Ray Donovan
Bill Salvatore,A Playful Romance
Bill Salvatore,Taking the Reins
Bill Salvatore,Night at the Eagle Inn
Bill Salvatore,Christmas on Ice
Bill Salvatore,Ten Minutes to Midnight
Bill Salvatore,Defending Jacob
Bill Salvatore,A Predator's Obsession
Bill Salvatore,Rediscovering Christmas
Bill Salvatore,The Big Shot
Bill Salvatore,Little Women
Bill Salvatore,Holiday for Heroes
Bill Salvatore,A Very Nutty Christmas
Bill Salvatore,Christmas on Honeysuckle Lane
Bill Salvatore,Christmas at Pemberley Manor
Bill Salvatore,Her Son's Secret
Bill Salvatore,Romance at Reindeer Lodge
Bill Salvatore,A Very Merry Toy Store
Bill Salvatore,Splitting Image
Bill Salvatore,Stalker's Prey
Bill Salvatore,The Cobblestone Corridor
Bill Salvatore,The Murder Pact
Bill Salvatore,Wishin' and Hopin'
Bill Salvatore,The Last American Vampire
Bill Salvatore,Ten Minutes to Midnight
Amber Leanne Rothberg,It's Alright Now
Amber Leanne Rothberg,The Wizdor Hotel
Amber Leanne Rothberg,Realm of the Waterfall
Amber Leanne Rothberg,Vice Squad: New Orleans
Amber Leanne Rothberg,The Families Feud
Amber Leanne Rothberg,Little Women
Amber Leanne Rothberg,Stray
Amber Leanne Rothberg,Actors 2020 Podcast
Scott Sederquist,Indescribable Urgencies
Scott Sederquist,Ice Patrol
Scott Sederquist,The Trap
Scott Sederquist,Code 13: Unreadable
Scott Sederquist,The Resurrection of Victoria Wheeler
Scott Sederquist,I Care a Lot
Scott Sederquist,Ava
Scott Sederquist,Spenser Confidential
Scott Sederquist,Little Women
Scott Sederquist,Testing
Scott Sederquist,Karmic Justice
Scott Sederquist,H.R.
Scott Sederquist,Vertical
Scott Sederquist,The Man Who Killed Hitler and Then the Bigfoot
Scott Sederquist,The Catcher Was a Spy
Scott Sederquist,Patriot of the Web
Scott Sederquist,Nothing to Lose
Scott Sederquist,Daddy's Home 2
Scott Sederquist,Blood Highway
Scott Sederquist,Detroit
Scott Sederquist,Ghosts Vs.Monsters
Scott Sederquist,Angelo's Revenge
Scott Sederquist,Ghostbusters
Scott Sederquist,Topic Time with Harrison Young
Harold Rudolph,Don't Look Up
Harold Rudolph,The Gilded Age
Harold Rudolph,Central Catholic High Art Society
Harold Rudolph,Dead Reckoning
Harold Rudolph,One Royal Holiday
Harold Rudolph,Little Women
Harold Rudolph,Castle Rock
Harold Rudolph,The Man Who Killed Hitler and Then the Bigfoot
Harold Rudolph,The Equalizer 2
Harold Rudolph,I Feel Pretty
Harold Rudolph,Chappaquiddick
Harold Rudolph,Stronger
Harold Rudolph,Detroit
Harold Rudolph,The Polka King
Harold Rudolph,Patriots Day
Harold Rudolph,Ghostbusters
Harold Rudolph,Spotlight
Harold Rudolph,The World's Astonishing News!
Harold Rudolph,Family Problems
Harold Rudolph,Looking
Harold Rudolph,Wives with Knives
Harold Rudolph,The Master
Jared Reinfeldt,Mother/Android
Jared Reinfeldt,Gossip Girl
Jared Reinfeldt,I Want Your Love (from 'The Ladies Man' a pop/rock musical)
Jared Reinfeldt,The Flight Attendant
Jared Reinfeldt,Little Women
Jared Reinfeldt,Suspicion
Jared Reinfeldt,Professor Marston & the Wonder Women
Grant Rosado,Memeology
Grant Rosado,Hellbent
Grant Rosado,Twas the Night
Grant Rosado,Eco Reps
Grant Rosado,Brunch in Bristol
Grant Rosado,Memeology
Grant Rosado,Twas the Night
Grant Rosado,Eco Reps
Grant Rosado,Brunch in Bristol
Grant Rosado,Twas the Night
Grant Rosado,Eco Reps
Grant Rosado,Brunch in Bristol
Grant Rosado,Riot!
Grant Rosado,Little Women
Grant Rosado,El Caballo
Nathan Porter,Dragon Squad Gangs of New York
Nathan Porter,Mother/Android
Nathan Porter,Don't Look Up
Nathan Porter,Free Guy
Nathan Porter,A Ring for Christmas
Nathan Porter,Spenser Confidential
Nathan Porter,Little Women
Nathan Porter,Castle Rock
Nathan Porter,The Equalizer 2
Nathan Porter,I Feel Pretty
Nathan Porter,Daddy's Home 2
Nathan Porter,Chappaquiddick
Nathan Porter,Detroit
Jessica Rookeward,Fire + Roses
Jessica Rookeward,Octonauts: Above & Beyond
Jessica Rookeward,The Out-Fit
Jessica Rookeward,Paraíso
Jessica Rookeward,Parot
Jessica Rookeward,Little Women
Jessica Rookeward,Laetitia
Jessica Rookeward,The Food That Built America
Jessica Rookeward,The Out-Fit
Jessica Rookeward,The Out-Fit
